{
    "clusters": [
        {
            "name": "C02",
            "count": 1,
            "hosts": [
                {
                    "name": "H02",
                    "cpu": {
                        "vendor": "Intel",
                        "modelName": "Xeon-v2",
                        "arch": "x86_64",
                        "coreCount": 32,
                        "coreSpeed": 2500.0,
                        "count": 1
                    },
                    "memory": {
                        "memorySize": 82000
                    },
                    "powerModel": {
                        "modelType": "linear",
                        "power": 350.0,
                        "maxPower": 350.0,
                        "idlePower": 200.0
                    },
                    "count": 15
                }
            ],
            "location": "RO"
        }
    ],
    "schemaVersion": 1
}
