[{
    "id": 0,
    "name": "topology-experiment",
    "topologies": [
        {
            "pathToFile": "topologies/topology-cubic.json"
        }
    ],
    "workloads": [
        {
            "pathToFile": "traces/bitbrains-small",
            "type": "ComputeWorkload"
        }
    ],
    "allocationPolicies": [
        {
            "policyType": "Mem"
        }
    ],
    "carbonTracePaths": [
        "traces/carbon_intensity.parquet"
    ],
    "outputFolder": "4-models-sim/topology-experiment"
},
{
    "id": 1,
    "name": "topology-experiment",
    "topologies": [
        {
            "pathToFile": "topologies/topology-linear.json"
        }
    ],
    "workloads": [
        {
            "pathToFile": "traces/bitbrains-small",
            "type": "ComputeWorkload"
        }
    ],
    "allocationPolicies": [
        {
            "policyType": "Mem"
        }
    ],
    "carbonTracePaths": [
        "traces/carbon_intensity.parquet"
    ],
    "outputFolder": "4-models-sim/topology-experiment"
},
{
    "id": 2,
    "name": "topology-experiment",
    "topologies": [
        {
            "pathToFile": "topologies/topology-square.json"
        }
    ],
    "workloads": [
        {
            "pathToFile": "traces/bitbrains-small",
            "type": "ComputeWorkload"
        }
    ],
    "allocationPolicies": [
        {
            "policyType": "Mem"
        }
    ],
    "carbonTracePaths": [
        "traces/carbon_intensity.parquet"
    ],
    "outputFolder": "4-models-sim/topology-experiment"
},
{
    "id": 3,
    "name": "topology-experiment",
    "topologies": [
        {
            "pathToFile": "topologies/topology-cubic.json"
        }
    ],
    "workloads": [
        {
            "pathToFile": "traces/bitbrains-small",
            "type": "ComputeWorkload"
        }
    ],
    "allocationPolicies": [
        {
            "policyType": "Mem"
        }
    ],
    "carbonTracePaths": [
        "traces/carbon_intensity.parquet"
    ],
    "outputFolder": "4-models-sim/topology-experiment"
}]