timestamp,price_per_mwh
"1420502400000","42.22"
"1420588800000","42.61"
"1420675200000","42.43"
"1420761600000","36.94"
"1420848000000","36.25"
"1420934400000","30.7"
"1421020800000","37.7"
"1421107200000","40.87"
"1421193600000","39.88"
"1421280000000","42.44"
"1421366400000","42.25"
"1421452800000","36.63"
"1421539200000","38"
"1421625600000","43.6"
"1421712000000","47.79"
"1421798400000","45.38"
"1421884800000","44.2"
"1421971200000","43.62"
"1422057600000","39.6"
"1422144000000","40.27"
"1422230400000","44.26"
"1422316800000","39.45"
"1422403200000","41.64"
"1422489600000","46.56"
"1422576000000","41.41"
"1422662400000","41.12"
"1422748800000","38.3"
"1422835200000","43.91"
"1422921600000","47.24"
"1423008000000","48.54"
"1423094400000","44.55"
"1423180800000","45.2"
"1423267200000","47.97"
"1423353600000","41.62"
"1423440000000","47.88"
"1423526400000","46.77"
"1423612800000","50.06"
"1423699200000","50.16"
"1423785600000","48.98"
"1423872000000","44.37"
"1423958400000","43.36"
"1424044800000","52.64"
"1424131200000","46.97"
"1424217600000","46.06"
"1424304000000","47.06"
"1424390400000","49.33"
"1424476800000","47.73"
"1424563200000","41.05"
"1424649600000","45.85"
"1424736000000","44"
"1424822400000","46.84"
"1424908800000","47.87"
"1424995200000","48.94"
"1425081600000","45.33"
"1425168000000","30.46"
"1425254400000","46.97"
"1425340800000","49.92"
"1425427200000","44.43"
"1425513600000","48.3"
"1425600000000","49.12"
"1425686400000","39.86"
"1425772800000","34.47"
"1425859200000","44.26"
"1425945600000","43.39"
"1426032000000","46.19"
"1426118400000","45.6"
"1426204800000","45.55"
"1426291200000","43.81"
"1426377600000","41.71"
"1426464000000","43.64"
"1426550400000","45.12"
"1426636800000","41.27"
"1426723200000","42.55"
"1426809600000","42.99"
"1426896000000","33.74"
"1426982400000","32.57"
"1427068800000","43.08"
"1427155200000","48.43"
"1427241600000","42.68"
"1427328000000","42.81"
"1427414400000","44.87"
"1427500800000","39.54"
"1427587200000","30.87"
"1427673600000","40.9"
"1427760000000","38.81"
"1427846400000","40.03"
"1427932800000","42.4"
"1428019200000","49.54"
"1428105600000","38.67"
"1428192000000","30.95"
"1428278400000","33.16"
"1428364800000","45.84"
"1428451200000","48.82"
"1428537600000","44.64"
"1428624000000","43.62"
"1428710400000","37.01"
"1428796800000","30.61"
"1428883200000","48.96"
"1428969600000","43.88"
"1429056000000","45.28"
"1429142400000","43.43"
"1429228800000","48.79"
"1429315200000","34.41"
"1429401600000","32.63"
"1429488000000","40.12"
"1429574400000","41.67"
"1429660800000","43.67"
"1429747200000","43.38"
"1429833600000","42.68"
"1429920000000","39.45"
"1430006400000","39.88"
"1430092800000","37.23"
"1430179200000","42.99"
"1430265600000","42.76"
"1430352000000","44.43"
"1430438400000","42.66"
"1430524800000","35.23"
"1430611200000","27.33"
"1430697600000","37.23"
"1430784000000","30.98"
"1430870400000","33.17"
"1430956800000","48.26"
"1431043200000","47.24"
"1431129600000","36.15"
"1431216000000","44.82"
"1431302400000","46.59"
"1431388800000","45.28"
"1431475200000","40.78"
"1431561600000","39.01"
"1431648000000","45.97"
"1431734400000","46.31"
"1431820800000","34.32"
"1431907200000","43.86"
"1431993600000","40.66"
"1432080000000","39.4"
"1432166400000","37.89"
"1432252800000","36.44"
"1432339200000","26.42"
"1432425600000","23.3"
"1432512000000","27.67"
"1432598400000","37.66"
"1432684800000","36.51"
"1432771200000","39.92"
"1432857600000","39.76"
"1432944000000","27.61"
"1433030400000","20.3"
"1433116800000","42.49"
"1433203200000","33.04"
"1433289600000","37.05"
"1433376000000","46.65"
"1433462400000","43.32"
"1433548800000","39.47"
"1433635200000","33.55"
"1433721600000","38.36"
"1433808000000","36.27"
"1433894400000","35.52"
"1433980800000","40.14"
"1434067200000","41.18"
"1434153600000","26.64"
"1434240000000","24.16"
"1434326400000","39.08"
"1434412800000","42.18"
"1434499200000","39.25"
"1434585600000","41.54"
"1434672000000","41.78"
"1434758400000","43.55"
"1434844800000","29.6"
"1434931200000","38.98"
"1435017600000","46.63"
"1435104000000","41.81"
"1435190400000","43.8"
"1435276800000","48.57"
"1435363200000","31.71"
"1435449600000","32.15"
"1435536000000","39.47"
"1435622400000","43.46"
"1435708800000","44.28"
"1435795200000","45.32"
"1435881600000","53.48"
"1435968000000","38.08"
"1436054400000","33.13"
"1436140800000","47.17"
"1436227200000","49.78"
"1436313600000","41.52"
"1436400000000","41.85"
"1436486400000","43.62"
"1436572800000","40.97"
"1436659200000","30.14"
"1436745600000","43.42"
"1436832000000","44.45"
"1436918400000","48.31"
"1437004800000","52.25"
"1437091200000","44.32"
"1437177600000","40.14"
"1437264000000","33.53"
"1437350400000","47.64"
"1437436800000","48.64"
"1437523200000","46.79"
"1437609600000","46.83"
"1437696000000","45.78"
"1437782400000","31.69"
"1437868800000","34.6"
"1437955200000","35.99"
"1438041600000","33.67"
"1438128000000","33.7"
"1438214400000","44.99"
"1438300800000","41.15"
"1438387200000","30.57"
"1438473600000","29.91"
"1438560000000","39.38"
"1438646400000","42.14"
"1438732800000","39.29"
"1438819200000","40.7"
"1438905600000","40.65"
"1438992000000","29.54"
"1439078400000","28.47"
"1439164800000","39.33"
"1439251200000","43.03"
"1439337600000","40.25"
"1439424000000","39.52"
"1439510400000","39.56"
"1439596800000","40.5"
"1439683200000","36.16"
"1439769600000","41.87"
"1439856000000","41.95"
"1439942400000","41.74"
"1440028800000","41.82"
"1440115200000","43.22"
"1440201600000","41"
"1440288000000","26.62"
"1440374400000","42.67"
"1440460800000","39.35"
"1440547200000","38.13"
"1440633600000","37.49"
"1440720000000","45.64"
"1440806400000","43.49"
"1440892800000","36.72"
"1440979200000","44.32"
"1441065600000","44.72"
"1441152000000","42.33"
"1441238400000","41.59"
"1441324800000","42.85"
"1441411200000","42.23"
"1441497600000","40.04"
"1441584000000","39.44"
"1441670400000","40.36"
"1441756800000","42.46"
"1441843200000","42.4"
"1441929600000","38.57"
"1442016000000","40.15"
"1442102400000","27.93"
"1442188800000","39.41"
"1442275200000","34.93"
"1442361600000","34.81"
"1442448000000","40.66"
"1442534400000","39.81"
"1442620800000","33.79"
"1442707200000","34.4"
"1442793600000","39.88"
"1442880000000","36.2"
"1442966400000","42.04"
"1443052800000","39.81"
"1443139200000","43.62"
"1443225600000","42.98"
"1443312000000","41.57"
"1443398400000","40.31"
"1443484800000","40.07"
"1443571200000","40.7"
"1443657600000","41.81"
"1443744000000","40.78"
"1443830400000","39.9"
"1443916800000","43.29"
"1444003200000","43.02"
"1444089600000","39.53"
"1444176000000","40.99"
"1444262400000","48.76"
"1444348800000","45.96"
"1444435200000","39.77"
"1444521600000","38.9"
"1444608000000","43.73"
"1444694400000","40.91"
"1444780800000","37.99"
"1444867200000","38.04"
"1444953600000","38.23"
"1445040000000","40.72"
"1445126400000","38.36"
"1445212800000","47.63"
"1445299200000","44.32"
"1445385600000","39.67"
"1445472000000","38.35"
"1445558400000","39.43"
"1445644800000","41.86"
"1445731200000","37.94"
"1445817600000","40.5"
"1445904000000","41.61"
"1445990400000","43.06"
"1446076800000","49.14"
"1446163200000","43.23"
"1446249600000","37.06"
"1446336000000","33.91"
"1446422400000","39.75"
"1446508800000","41.27"
"1446595200000","42.25"
"1446681600000","44"
"1446768000000","37.57"
"1446854400000","37.66"
"1446940800000","38.18"
"1447027200000","36.07"
"1447113600000","35.5"
"1447200000000","36.96"
"1447286400000","37.76"
"1447372800000","34.81"
"1447459200000","36.21"
"1447545600000","33.49"
"1447632000000","34.7"
"1447718400000","35.31"
"1447804800000","35.42"
"1447891200000","35.97"
"1447977600000","39.71"
"1448064000000","33.42"
"1448150400000","38.18"
"1448236800000","50.33"
"1448323200000","37.42"
"1448409600000","42.79"
"1448496000000","51.05"
"1448582400000","37.98"
"1448668800000","38.06"
"1448755200000","39.26"
"1448841600000","38.51"
"1448928000000","40.84"
"1449014400000","37.61"
"1449100800000","41.06"
"1449187200000","38.75"
"1449273600000","36.33"
"1449360000000","32.19"
"1449446400000","40.88"
"1449532800000","35.6"
"1449619200000","35.61"
"1449705600000","32.11"
"1449792000000","33.12"
"1449878400000","33.89"
"1449964800000","34.73"
"1450051200000","42.1"
"1450137600000","42.61"
"1450224000000","37.04"
"1450310400000","32.76"
"1450396800000","33.5"
"1450483200000","34.76"
"1450569600000","26.48"
"1450656000000","33.06"
"1450742400000","29.8"
"1450828800000","28.4"
"1450915200000","29"
"1451001600000","27.22"
"1451088000000","25.17"
"1451174400000","26.23"
"1451260800000","31.53"
"1451347200000","33.76"
"1451433600000","30.93"
"1451520000000","28.5"
"1451606400000","44.09"
"1451692800000","28.39"
"1451779200000","23.79"
"1451865600000","30.18"
"1451952000000","33.14"
"1452038400000","33.73"
"1452124800000","34.05"
"1452211200000","31.17"
"1452297600000","28.9"
"1452384000000","21.94"
"1452470400000","33.46"
"1452556800000","29.96"
"1452643200000","29.62"
"1452729600000","33.18"
"1452816000000","35.9"
"1452902400000","28.86"
"1452988800000","27.85"
"1453075200000","39.92"
"1453161600000","49.18"
"1453248000000","52.61"
"1453334400000","52.03"
"1453420800000","32.99"
"1453507200000","28.19"
"1453593600000","26.78"
"1453680000000","28.38"
"1453766400000","29.47"
"1453852800000","27.44"
"1453939200000","27.04"
"1454025600000","28.22"
"1454112000000","24.68"
"1454198400000","21.94"
"1454284800000","26.16"
"1454371200000","25.91"
"1454457600000","26.03"
"1454544000000","26.63"
"1454630400000","28.1"
"1454716800000","19.16"
"1454803200000","17.64"
"1454889600000","23.84"
"1454976000000","24.71"
"1455062400000","26.28"
"1455148800000","27.54"
"1455235200000","28.59"
"1455321600000","25.02"
"1455408000000","18.85"
"1455494400000","24.92"
"1455580800000","32.71"
"1455667200000","29.45"
"1455753600000","29.3"
"1455840000000","27.66"
"1455926400000","23.44"
"1456012800000","16.81"
"1456099200000","24.33"
"1456185600000","26.85"
"1456272000000","27.56"
"1456358400000","27.86"
"1456444800000","28.09"
"1456531200000","23.37"
"1456617600000","18.86"
"1456704000000","24.86"
"1456790400000","26.2"
"1456876800000","26.44"
"1456963200000","28.45"
"1457049600000","26.72"
"1457136000000","25.65"
"1457222400000","21.61"
"1457308800000","29.91"
"1457395200000","28.43"
"1457481600000","26.23"
"1457568000000","27.53"
"1457654400000","28.29"
"1457740800000","27.81"
"1457827200000","23.22"
"1457913600000","27.51"
"1458000000000","27.91"
"1458086400000","26.49"
"1458172800000","29.37"
"1458259200000","28.13"
"1458345600000","25.45"
"1458432000000","25.68"
"1458518400000","27.37"
"1458604800000","29.11"
"1458691200000","27.72"
"1458777600000","28.04"
"1458864000000","26.34"
"1458950400000","20.42"
"1459036800000","16.5"
"1459123200000","15.43"
"1459209600000","27.01"
"1459296000000","27.16"
"1459382400000","27.96"
"1459468800000","27.61"
"1459555200000","23.59"
"1459641600000","20.01"
"1459728000000","27.09"
"1459814400000","26.87"
"1459900800000","23.12"
"1459987200000","23.64"
"1460073600000","28.35"
"1460160000000","24.28"
"1460246400000","21.99"
"1460332800000","23.91"
"1460419200000","29"
"1460505600000","28.42"
"1460592000000","26.74"
"1461110400000","24.89"
"1461196800000","26.88"
"1461283200000","27.11"
"1461369600000","22.8"
"1461456000000","17.18"
"1461542400000","27.44"
"1461628800000","28.22"
"1461715200000","26.18"
"1461801600000","32.48"
"1461888000000","29.68"
"1461974400000","24.79"
"1462060800000","20"
"1462147200000","29.65"
"1462233600000","29.28"
"1462320000000","27.67"
"1462406400000","20.39"
"1462492800000","26.76"
"1462579200000","19.54"
"1462665600000","15.37"
"1462752000000","23.69"
"1462838400000","27.9"
"1462924800000","29.21"
"1463011200000","29.55"
"1463097600000","27.37"
"1463184000000","20.98"
"1463270400000","24.17"
"1463356800000","24.84"
"1463443200000","31.27"
"1463529600000","30.7"
"1463616000000","33.37"
"1463702400000","28.69"
"1463788800000","25.12"
"1463875200000","27.57"
"1463961600000","29.56"
"1464048000000","29.46"
"1464134400000","35.82"
"1464220800000","32.25"
"1464307200000","33.4"
"1464393600000","28.59"
"1464480000000","22.26"
"1464566400000","28.24"
"1464652800000","30.27"
"1464739200000","32.12"
"1464825600000","30.63"
"1464912000000","32.29"
"1464998400000","26.23"
"1465084800000","22.72"
"1465171200000","33.78"
"1465257600000","32.25"
"1465344000000","29.45"
"1465430400000","32.23"
"1465516800000","34.04"
"1465603200000","27.76"
"1465689600000","27.8"
"1465776000000","39.86"
"1465862400000","34.56"
"1465948800000","42.71"
"1466035200000","37.99"
"1466121600000","37.41"
"1466208000000","30.3"
"1466294400000","27.18"
"1466380800000","31.9"
"1466467200000","33.47"
"1466553600000","35.28"
"1466640000000","38.66"
"1466726400000","39.87"
"1466812800000","32.46"
"1466899200000","23.09"
"1466985600000","34.73"
"1467072000000","33.57"
"1467158400000","31.07"
"1467244800000","32.21"
"1467331200000","31.54"
"1467417600000","22.42"
"1467504000000","23.76"
"1467590400000","41.66"
"1467676800000","34.07"
"1467763200000","37.29"
"1467849600000","34.37"
"1467936000000","33.94"
"1468022400000","28.07"
"1468108800000","28.47"
"1468195200000","32.15"
"1468281600000","38"
"1468368000000","35.75"
"1468454400000","31.52"
"1468540800000","31.31"
"1468627200000","27.42"
"1468713600000","26.9"
"1468800000000","36.37"
"1468886400000","37.72"
"1468972800000","39.28"
"1469059200000","39.75"
"1469145600000","40.22"
"1469232000000","37.21"
"1469318400000","28.07"
"1469404800000","36.6"
"1469491200000","36.91"
"1469577600000","34.53"
"1469664000000","35.07"
"1469750400000","30.75"
"1469836800000","28.26"
"1469923200000","26.04"
"1470009600000","30.53"
"1470096000000","32.55"
"1470182400000","29.71"
"1470268800000","28.66"
"1470355200000","31.55"
"1470441600000","28.45"
"1470528000000","21.1"
"1470614400000","25.31"
"1470700800000","28.77"
"1470787200000","28.1"
"1470873600000","28.65"
"1470960000000","28.02"
"1471046400000","22.35"
"1471132800000","22.3"
"1471219200000","28.02"
"1471305600000","29.35"
"1471392000000","28.03"
"1471478400000","30.55"
"1471564800000","30.39"
"1471651200000","24.81"
"1471737600000","17.54"
"1471824000000","27.1"
"1471910400000","31.48"
"1471996800000","30.67"
"1472083200000","37.36"
"1472169600000","32.13"
"1472256000000","28.07"
"1472342400000","23.64"
"1472428800000","32.14"
"1472515200000","32.04"
"1472601600000","29.71"
"1472688000000","32.46"
"1472774400000","28.59"
"1472860800000","27.99"
"1472947200000","24.16"
"1473033600000","37.29"
"1473120000000","33.74"
"1473206400000","34.79"
"1473292800000","31.98"
"1473379200000","33.54"
"1473465600000","27.99"
"1473552000000","27.12"
"1473638400000","44.66"
"1473724800000","47.17"
"1473811200000","36.19"
"1473897600000","34.48"
"1473984000000","32.58"
"1474070400000","28.34"
"1474156800000","27.33"
"1474243200000","34.8"
"1474329600000","39.7"
"1474416000000","35.53"
"1474502400000","34.85"
"1474588800000","32.14"
"1474675200000","29.18"
"1474761600000","25.14"
"1474848000000","36.86"
"1474934400000","35.24"
"1475020800000","29.2"
"1475107200000","28.45"
"1475193600000","34.11"
"1475280000000","31.3"
"1475366400000","30.26"
"1475452800000","31.14"
"1475539200000","31.84"
"1475625600000","28.93"
"1475712000000","34.71"
"1475798400000","37.12"
"1475884800000","36.83"
"1475971200000","34.78"
"1476057600000","47.53"
"1476144000000","36.58"
"1476230400000","40.34"
"1476316800000","35.31"
"1476403200000","33.77"
"1476489600000","34.49"
"1476576000000","35.17"
"1476662400000","42.04"
"1476748800000","41.7"
"1476835200000","43.84"
"1476921600000","44.32"
"1477008000000","41.86"
"1477094400000","38.72"
"1477180800000","35.8"
"1477267200000","41.03"
"1477353600000","43.45"
"1477440000000","45.06"
"1477526400000","41.67"
"1477612800000","40.18"
"1477699200000","36.53"
"1477785600000","38.1"
"1477872000000","43.46"
"1477958400000","38.3"
"1478044800000","40.51"
"1478131200000","47.24"
"1478217600000","40.54"
"1478304000000","39.78"
"1478390400000","38.47"
"1478476800000","41.23"
"1478563200000","52.73"
"1478649600000","47.44"
"1478736000000","54.37"
"1478822400000","46.74"
"1478908800000","39.15"
"1478995200000","41.81"
"1479081600000","54.34"
"1479168000000","52.04"
"1479254400000","43.35"
"1479340800000","38.78"
"1479427200000","40.63"
"1479513600000","38.83"
"1479600000000","33.99"
"1479686400000","40.02"
"1479772800000","39.83"
"1479859200000","46.31"
"1479945600000","39.85"
"1480032000000","42.74"
"1480118400000","40.68"
"1480204800000","37.79"
"1480291200000","42.61"
"1480377600000","44.61"
"1480464000000","40.72"
"1480550400000","39.53"
"1480636800000","53.93"
"1480723200000","38.52"
"1480809600000","39.07"
"1480896000000","47.86"
"1480982400000","53.51"
"1481068800000","38.09"
"1481155200000","35.17"
"1481241600000","36.65"
"1481328000000","33.87"
"1481414400000","34.22"
"1481500800000","49.59"
"1481587200000","49.49"
"1481673600000","59.16"
"1481760000000","48.52"
"1481846400000","53.84"
"1481932800000","42.97"
"1482019200000","40.83"
"1482105600000","54.7"
"1482192000000","50.6"
"1482278400000","39.02"
"1482364800000","45.57"
"1482451200000","39.31"
"1482537600000","41.63"
"1482624000000","32.74"
"1482710400000","36.41"
"1482796800000","37.99"
"1482883200000","47"
"1482969600000","44.8"
"1483056000000","41.5"
"1483142400000","41.98"
"1483228800000","29.52"
"1483315200000","45.15"
"1483401600000","41.04"
"1483488000000","38.12"
"1483574400000","51.64"
"1483660800000","47.77"
"1483747200000","42.38"
"1483833600000","44"
"1483920000000","47.99"
"1484006400000","53.16"
"1484092800000","39.2"
"1484179200000","39.81"
"1484265600000","42.47"
"1484352000000","39.31"
"1484438400000","42.63"
"1484524800000","62.74"
"1484611200000","68.13"
"1484697600000","63.9"
"1484784000000","63.82"
"1484870400000","58.07"
"1484956800000","43.66"
"1485043200000","43.71"
"1485129600000","59.99"
"1485216000000","85.59"
"1485302400000","65.96"
"1485388800000","51.27"
"1485475200000","44.27"
"1485561600000","41.63"
"1485648000000","44.37"
"1485734400000","50.9"
"1485820800000","66.95"
"1485907200000","49.83"
"1485993600000","45.18"
"1486080000000","47.46"
"1486166400000","45.41"
"1486252800000","49.11"
"1486339200000","61.79"
"1486425600000","53.79"
"1486512000000","57.7"
"1486598400000","55.02"
"1486684800000","49.32"
"1486771200000","42.37"
"1486857600000","35.17"
"1486944000000","40.48"
"1487030400000","40.55"
"1487116800000","44.36"
"1487203200000","40.12"
"1487289600000","41.94"
"1487376000000","39.46"
"1487462400000","34.8"
"1487548800000","38.38"
"1487635200000","38.58"
"1487721600000","37.3"
"1487808000000","35.97"
"1487894400000","39.29"
"1487980800000","37.42"
"1488067200000","31.25"
"1488153600000","37.7"
"1488240000000","35.99"
"1488326400000","37.36"
"1488412800000","34.47"
"1488499200000","38.89"
"1488585600000","35.9"
"1488672000000","31.13"
"1488758400000","38.59"
"1488844800000","44.58"
"1488931200000","36.32"
"1489017600000","37.67"
"1489104000000","37.01"
"1489190400000","33.54"
"1489276800000","32.54"
"1489363200000","36.47"
"1489449600000","35.01"
"1489536000000","35.69"
"1489622400000","35.44"
"1489708800000","34.62"
"1489795200000","30.98"
"1489881600000","23.6"
"1489968000000","33.58"
"1490140800000","35.5"
"1490227200000","33.44"
"1490313600000","34.27"
"1490400000000","30.09"
"1490486400000","30.42"
"1490572800000","35.45"
"1490659200000","34.48"
"1490745600000","33.23"
"1490832000000","33.55"
"1490918400000","32.33"
"1491004800000","34.25"
"1491091200000","31.15"
"1491177600000","38.13"
"1491264000000","38.6"
"1491350400000","34.56"
"1491436800000","36.12"
"1491523200000","39.3"
"1491609600000","34.67"
"1491696000000","30.71"
"1491782400000","36.4"
"1491868800000","38.43"
"1491955200000","34.11"
"1492041600000","36.49"
"1492128000000","38.85"
"1492214400000","35.37"
"1492300800000","34.05"
"1492387200000","30.91"
"1492473600000","35.81"
"1492560000000","37.5"
"1492646400000","35.85"
"1492732800000","34.45"
"1492819200000","30.9"
"1492905600000","35.39"
"1492992000000","35.77"
"1493078400000","35.86"
"1493164800000","38.4"
"1493251200000","35.92"
"1493337600000","36.27"
"1493424000000","36.33"
"1493510400000","30.41"
"1493596800000","36.99"
"1493683200000","35.89"
"1493769600000","36.11"
"1493856000000","38.84"
"1493942400000","37.4"
"1494028800000","33.89"
"1494115200000","32.43"
"1494201600000","34.82"
"1494288000000","39.81"
"1494374400000","41.67"
"1494460800000","38.53"
"1494547200000","38.74"
"1494633600000","32.07"
"1494720000000","29.88"
"1494806400000","36.43"
"1494892800000","35.22"
"1494979200000","34.85"
"1495065600000","39.69"
"1495152000000","34.66"
"1495238400000","30.76"
"1495324800000","31.78"
"1495411200000","36.05"
"1495497600000","34.12"
"1495584000000","33.59"
"1495670400000","29.57"
"1495756800000","32.8"
"1495843200000","30.68"
"1495929600000","30.15"
"1496016000000","38.01"
"1496102400000","37.77"
"1496188800000","33.76"
"1496275200000","37.15"
"1496361600000","36.45"
"1496448000000","32.61"
"1496534400000","27.43"
"1496620800000","29.99"
"1496707200000","26.39"
"1496793600000","28.62"
"1496880000000","32.09"
"1496966400000","33.4"
"1497052800000","31.03"
"1497139200000","24.24"
"1497225600000","31.45"
"1497312000000","35.3"
"1497398400000","37.42"
"1497484800000","33.09"
"1497571200000","31.8"
"1497657600000","32.63"
"1497744000000","30.27"
"1497830400000","38.08"
"1497916800000","35.69"
"1498003200000","42.46"
"1498089600000","39.07"
"1498176000000","33.59"
"1498262400000","28.24"
"1498348800000","28.36"
"1498435200000","34.4"
"1498521600000","38.43"
"1498608000000","35.4"
"1498694400000","38.08"
"1498780800000","33.94"
"1498867200000","34.19"
"1498953600000","32.34"
"1499040000000","35.89"
"1499126400000","38.7"
"1499212800000","38.86"
"1499299200000","41.44"
"1499385600000","37.17"
"1499472000000","34.4"
"1499558400000","33.13"
"1499644800000","39.95"
"1499731200000","36.46"
"1499817600000","34.64"
"1499904000000","34.36"
"1499990400000","33.87"
"1500076800000","32.5"
"1500163200000","30.53"
"1500249600000","37.23"
"1500422400000","34.69"
"1500508800000","36.52"
"1500595200000","34.99"
"1500681600000","33.32"
"1500768000000","31.38"
"1500854400000","38.9"
"1500940800000","33.48"
"1501027200000","33.11"
"1501113600000","33.06"
"1501200000000","31.98"
"1501286400000","27.02"
"1501372800000","26.67"
"1501459200000","32.75"
"1501545600000","34.74"
"1501632000000","33.02"
"1501718400000","29.14"
"1501804800000","31.85"
"1501891200000","29.67"
"1501977600000","23.16"
"1502064000000","34.07"
"1502150400000","32.57"
"1502323200000","35.51"
"1502409600000","37.17"
"1502496000000","26.08"
"1502582400000","23.81"
"1502668800000","34.07"
"1502755200000","34.08"
"1502841600000","36.01"
"1502928000000","33.48"
"1503014400000","34.96"
"1503100800000","23.06"
"1503187200000","24.59"
"1503273600000","35.72"
"1503360000000","37.18"
"1503446400000","36.57"
"1503532800000","35.93"
"1503705600000","35.44"
"1503792000000","32.71"
"1503878400000","38.66"
"1503964800000","37.62"
"1504051200000","36.32"
"1504137600000","38.69"
"1504224000000","38.82"
"1504310400000","34.11"
"1504396800000","32.41"
"1504483200000","37.39"
"1504569600000","37.66"
"1504656000000","37.47"
"1504742400000","39.48"
"1504828800000","35.42"
"1504915200000","39.38"
"1505001600000","30.32"
"1505088000000","35.54"
"1505174400000","38"
"1505260800000","35.98"
"1505347200000","38.34"
"1505433600000","40.94"
"1505606400000","35.38"
"1505692800000","43.3"
"1505779200000","41.27"
"1505865600000","40.64"
"1506038400000","40.07"
"1506124800000","36.61"
"1506211200000","36.62"
"1506297600000","42.4"
"1506384000000","44.68"
"1506470400000","44.95"
"1506556800000","47.99"
"1506643200000","41.71"
"1506729600000","38.58"
"1506816000000","34.98"
"1506902400000","33.11"
"1506988800000","35.79"
"1507075200000","34.24"
"1507161600000","37.36"
"1507248000000","40.1"
"1507334400000","40.45"
"1507420800000","42.16"
"1507507200000","52.79"
"1507593600000","40.94"
"1507680000000","40.29"
"1507852800000","41.93"
"1507939200000","38.03"
"1508025600000","34.71"
"1508112000000","43.95"
"1508198400000","43.36"
"1508284800000","54.18"
"1508371200000","46.37"
"1508457600000","36.62"
"1508544000000","36.3"
"1508630400000","35.24"
"1508716800000","40.02"
"1508803200000","38.46"
"1508889600000","38.77"
"1508976000000","42.48"
"1509062400000","36.79"
"1509235200000","34.44"
"1509408000000","38.48"
"1509494400000","39.17"
"1509580800000","43.2"
"1509667200000","49.48"
"1510012800000","46.15"
"1510099200000","60.56"
"1510185600000","40.12"
"1510272000000","41.17"
"1510358400000","44.59"
"1510444800000","44.13"
"1510531200000","48.57"
"1510617600000","54.98"
"1510790400000","44.87"
"1510876800000","45.3"
"1511049600000","33.91"
"1511136000000","42.74"
"1511222400000","48.87"
"1511308800000","41.21"
"1511395200000","39.6"
"1511481600000","63.78"
"1511568000000","48.51"
"1511654400000","46.26"
"1511740800000","41.12"
"1511827200000","49.94"
"1511913600000","68.54"
"1512000000000","67.12"
"1512086400000","56.34"
"1512172800000","43.75"
"1512259200000","48.07"
"1512345600000","44.49"
"1512432000000","46.24"
"1512604800000","45.48"
"1512691200000","45.67"
"1512777600000","45.85"
"1512864000000","46.22"
"1512950400000","56.49"
"1513036800000","61.86"
"1513209600000","46.29"
"1513296000000","51.91"
"1513468800000","45.47"
"1513555200000","50.92"
"1513641600000","60"
"1513728000000","62.3"
"1513900800000","44.41"
"1513987200000","41.56"
"1514073600000","38.1"
"1514246400000","41.17"
"1514419200000","41.52"
"1514505600000","41.04"
"1514592000000","37.16"
"1514678400000","29.67"
"1514851200000","37.11"
"1515110400000","36.59"
"1515283200000","24.92"
"1515456000000","45.81"
"1515542400000","42.48"
"1515715200000","46.28"
"1515801600000","42.42"
"1515888000000","39.26"
"1515974400000","40.53"
"1516060800000","40.29"
"1516233600000","41.29"
"1516320000000","41"
"1516406400000","38.86"
"1516579200000","38.38"
"1516665600000","38.98"
"1516752000000","38.27"
"1516838400000","38"
"1516924800000","45.15"
"1517097600000","32.47"
"1517184000000","37.17"
"1517356800000","35.93"
"1517443200000","37.87"
"1517529600000","41.01"
"1517616000000","41.11"
"1517702400000","38.58"
"1517788800000","45.28"
"1517875200000","47.28"
"1517961600000","46.37"
"1518134400000","40.49"
"1518220800000","40.83"
"1518307200000","35.02"
"1518393600000","40.49"
"1518480000000","40.38"
"1518739200000","41.77"
"1518825600000","41.18"
"1518912000000","39.65"
"1518998400000","50.36"
"1519084800000","49.47"
"1519171200000","46.81"
"1519257600000","47.15"
"1519344000000","50.27"
"1519430400000","44.66"
"1519516800000","46.28"
"1519603200000","59.79"
"1519689600000","54.7"
"1519776000000","52.28"
"1519862400000","71.53"
"1520035200000","64.33"
"1520121600000","57.43"
"1520208000000","58.8"
"1520294400000","50.42"
"1520380800000","48.8"
"1520640000000","35.57"
"1520726400000","31.85"
"1520812800000","50.29"
"1520899200000","63.38"
"1520985600000","52.19"
"1521072000000","47.63"
"1521244800000","52.55"
"1521331200000","39.59"
"1521417600000","54.2"
"1521504000000","48.12"
"1521590400000","53.8"
"1521676800000","56.37"
"1521763200000","53.48"
"1521849600000","46.39"
"1521936000000","43.31"
"1522022400000","53.01"
"1522108800000","49.47"
"1522195200000","49.23"
"1522281600000","49.91"
"1522368000000","46.73"
"1522454400000","47.41"
"1522540800000","42.08"
"1522627200000","40.19"
"1522713600000","42.01"
"1522800000000","36.86"
"1522886400000","38.49"
"1522972800000","38.17"
"1523059200000","38.23"
"1523145600000","29.53"
"1523232000000","46.17"
"1523318400000","44.67"
"1523404800000","44.85"
"1523491200000","46.26"
"1523664000000","37.84"
"1523750400000","36.78"
"1523836800000","46.63"
"1523923200000","43.81"
"1524009600000","41.51"
"1524096000000","42.42"
"1524268800000","37.24"
"1524355200000","20.9"
"1524441600000","39.52"
"1524528000000","42.02"
"1524614400000","38.45"
"1524700800000","34.95"
"1524787200000","43.05"
"1524873600000","37"
"1524960000000","36.07"
"1525046400000","38.17"
"1525132800000","44.84"
"1525305600000","47.45"
"1525392000000","44.54"
"1525478400000","39.32"
"1525564800000","31.72"
"1525651200000","47.14"
"1525824000000","45.81"
"1525910400000","41.41"
"1525996800000","47.1"
"1526083200000","37.02"
"1526169600000","32.61"
"1526342400000","44.64"
"1526515200000","42.71"
"1526601600000","51.66"
"1526774400000","39.19"
"1526860800000","37.87"
"1526947200000","54.57"
"1527120000000","50.56"
"1527206400000","53.95"
"1527292800000","42.99"
"1527379200000","42.04"
"1527552000000","57.67"
"1527638400000","64.92"
"1527724800000","66.46"
"1527897600000","50.25"
"1528156800000","58.04"
"1528502400000","49.79"
"1528588800000","48.64"
"1528761600000","50.7"
"1528848000000","49.93"
"1528934400000","53.28"
"1529020800000","55.94"
"1529107200000","44.07"
"1529193600000","36.29"
"1529280000000","51.64"
"1529366400000","53.8"
"1529452800000","51.18"
"1529539200000","48.07"
"1529625600000","46.31"
"1529712000000","44.47"
"1529798400000","42.24"
"1529884800000","53.8"
"1529971200000","52.58"
"1530057600000","53.33"
"1530144000000","50.6"
"1530230400000","51.06"
"1530316800000","46.51"
"1530403200000","38.26"
"1530576000000","58.47"
"1530662400000","60.88"
"1530748800000","57.18"
"1530921600000","50.67"
"1531094400000","53.41"
"1531180800000","52.95"
"1531267200000","52.7"
"1531353600000","53.31"
"1531440000000","52.58"
"1531526400000","50.27"
"1531612800000","47.03"
"1531699200000","54.08"
"1531785600000","52.14"
"1531872000000","53.16"
"1531958400000","51.81"
"1532044800000","53.54"
"1532131200000","51.17"
"1532217600000","48.05"
"1532304000000","55.17"
"1532390400000","58.27"
"1532476800000","60.22"
"1532563200000","65.26"
"1532649600000","61.85"
"1532822400000","44.87"
"1532908800000","55.19"
"1532995200000","56.33"
"1533081600000","56.32"
"1533168000000","59.57"
"1533254400000","63.73"
"1533340800000","51.7"
"1533427200000","51.55"
"1533513600000","63.24"
"1533600000000","65.5"
"1533686400000","56.55"
"1533772800000","55.33"
"1533859200000","49.81"
"1533945600000","48.63"
"1534032000000","45.68"
"1534118400000","55.99"
"1534204800000","55.52"
"1534291200000","54.07"
"1534377600000","56.62"
"1534464000000","57.97"
"1534550400000","54.69"
"1534636800000","50.28"
"1534723200000","64.67"
"1534809600000","69.83"
"1534896000000","69.33"
"1534982400000","62.45"
"1535068800000","57.85"
"1535155200000","58.65"
"1535241600000","53.66"
"1535328000000","53.28"
"1535414400000","66.93"
"1535500800000","68.52"
"1535587200000","56.53"
"1535673600000","63.42"
"1535760000000","60.44"
"1535846400000","56.25"
"1535932800000","66.76"
"1536019200000","66.37"
"1536105600000","69.61"
"1536192000000","68.91"
"1536278400000","63.84"
"1536364800000","63.14"
"1536451200000","56.52"
"1536537600000","67.68"
"1536624000000","68.81"
"1536710400000","72.88"
"1536796800000","72.31"
"1536883200000","65.07"
"1536969600000","59.21"
"1537056000000","51.37"
"1537142400000","64.96"
"1537228800000","62.22"
"1537315200000","59.08"
"1537401600000","60.33"
"1537488000000","56.8"
"1537574400000","57.03"
"1537660800000","57.87"
"1537747200000","54.33"
"1537833600000","71.27"
"1537920000000","65.69"
"1538006400000","66.89"
"1538092800000","62.25"
"1538179200000","66.86"
"1538265600000","64.77"
"1538352000000","61.28"
"1538438400000","57.83"
"1538524800000","64.61"
"1538611200000","64.73"
"1538697600000","62.14"
"1538784000000","59.46"
"1538870400000","54.86"
"1538956800000","62.74"
"1539043200000","70.1"
"1539129600000","65"
"1539216000000","60.49"
"1539302400000","57.2"
"1539388800000","56.35"
"1539475200000","53.26"
"1539561600000","70.73"
"1539648000000","70.56"
"1539734400000","69.71"
"1539820800000","61.97"
"1539907200000","66.62"
"1539993600000","59.48"
"1540080000000","58.03"
"1540166400000","57.85"
"1540252800000","56.87"
"1540339200000","55.75"
"1540425600000","54.96"
"1540512000000","58.61"
"1540598400000","54.12"
"1540684800000","49.96"
"1540771200000","52.43"
"1540857600000","55.45"
"1540944000000","55.43"
"1541030400000","52.2"
"1541116800000","56.51"
"1541203200000","52.47"
"1541289600000","53.06"
"1541376000000","60.81"
"1541462400000","60.57"
"1541548800000","57.4"
"1541635200000","63.31"
"1541721600000","61.09"
"1541808000000","62.09"
"1541894400000","59.4"
"1541980800000","66.5"
"1542067200000","62.68"
"1542153600000","63.55"
"1542240000000","64.98"
"1542326400000","67.34"
"1542412800000","58.21"
"1542585600000","55.97"
"1542672000000","53.26"
"1542758400000","65.74"
"1542844800000","84.09"
"1542931200000","78.83"
"1543017600000","67.42"
"1543104000000","55.94"
"1543190400000","78.63"
"1543276800000","74.74"
"1543363200000","54.26"
"1543449600000","57.93"
"1543536000000","58.43"
"1543708800000","54.94"
"1543795200000","57.94"
"1543881600000","64.9"
"1543968000000","59.32"
"1544054400000","57.53"
"1544140800000","50.93"
"1544227200000","52.53"
"1544313600000","53.21"
"1544400000000","59.91"
"1544486400000","62.25"
"1544572800000","69.92"
"1544659200000","67.29"
"1544745600000","71.65"
"1544832000000","58.59"
"1544918400000","62.39"
"1545004800000","69.53"
"1545091200000","59.88"
"1545177600000","63.89"
"1545264000000","59.53"
"1545350400000","55.54"
"1545436800000","55.8"
"1545523200000","57.28"
"1545609600000","58.24"
"1545696000000","58.84"
"1545782400000","57.97"
"1545868800000","63.08"
"1545955200000","60.37"
"1546041600000","56.64"
"1546128000000","56.69"
"1546214400000","55.55"
"1546300800000","52.96"
"1546387200000","55.67"
"1546473600000","62.42"
"1546560000000","63.3"
"1546646400000","57.35"
"1546732800000","54.72"
"1546819200000","57.38"
"1546905600000","50.25"
"1546992000000","53.69"
"1547078400000","67.96"
"1547164800000","52.71"
"1547251200000","51"
"1547337600000","46.48"
"1547424000000","54.95"
"1547510400000","51.21"
"1547596800000","51.08"
"1547683200000","56.24"
"1547769600000","63.45"
"1547856000000","58.71"
"1547942400000","57.19"
"1548028800000","69.46"
"1548115200000","65.86"
"1548201600000","74"
"1548288000000","85.28"
"1548374400000","65.81"
"1548460800000","50.36"
"1548547200000","43.37"
"1548633600000","50.77"
"1548720000000","60.13"
"1548806400000","63.71"
"1548892800000","60.86"
"1548979200000","62.09"
"1549065600000","50.16"
"1549152000000","46.45"
"1549238400000","44.45"
"1549324800000","54.94"
"1549411200000","51.18"
"1549497600000","46.09"
"1549584000000","49.04"
"1549670400000","43.89"
"1549756800000","46.31"
"1549843200000","57.04"
"1549929600000","49.4"
"1550016000000","47.4"
"1550102400000","49.28"
"1550188800000","47.33"
"1550275200000","44.02"
"1550361600000","39.49"
"1550448000000","46.43"
"1550534400000","43.47"
"1550620800000","45.06"
"1550707200000","43.16"
"1550793600000","47.3"
"1550880000000","40.69"
"1550966400000","40.28"
"1551052800000","44.13"
"1551139200000","44.61"
"1551225600000","44.48"
"1551312000000","43.83"
"1551398400000","46.72"
"1551484800000","42.88"
"1551571200000","41.55"
"1551657600000","43.54"
"1551744000000","45.62"
"1551830400000","45.04"
"1551916800000","41.69"
"1552003200000","43.12"
"1552089600000","40.29"
"1552176000000","43.15"
"1552262400000","42.83"
"1552348800000","42.77"
"1552435200000","41.36"
"1552521600000","40.51"
"1552608000000","39.77"
"1552694400000","36.21"
"1552780800000","34.11"
"1552867200000","41.51"
"1552953600000","45.34"
"1553040000000","41.99"
"1553126400000","39.86"
"1553212800000","40.55"
"1553299200000","36.66"
"1553385600000","34.3"
"1553472000000","34.3"
"1553558400000","38.3"
"1553644800000","40.15"
"1553731200000","41.99"
"1553817600000","39.75"
"1553904000000","36.69"
"1553990400000","33.38"
"1554076800000","38.13"
"1554163200000","38.92"
"1554249600000","42.23"
"1554336000000","42.66"
"1554422400000","42.08"
"1554508800000","41.57"
"1554595200000","38.27"
"1554681600000","44.25"
"1554768000000","41.97"
"1554854400000","42.28"
"1554940800000","44.74"
"1555027200000","44.9"
"1555113600000","42.12"
"1555200000000","39.9"
"1555286400000","44.01"
"1555372800000","41.79"
"1555459200000","41.83"
"1555545600000","41.99"
"1555632000000","41.32"
"1555718400000","36.79"
"1555804800000","33.14"
"1555891200000","36.37"
"1555977600000","42.51"
"1556064000000","38.13"
"1556150400000","40.95"
"1556236800000","43.28"
"1556323200000","33.89"
"1556409600000","38.54"
"1556496000000","43.31"
"1556582400000","42.87"
"1556668800000","39.01"
"1556755200000","40.9"
"1556841600000","40.85"
"1556928000000","40.08"
"1557014400000","38.75"
"1557100800000","45.94"
"1557187200000","51.37"
"1557360000000","45.44"
"1557446400000","45.3"
"1557532800000","40.22"
"1557619200000","39.06"
"1557705600000","41.14"
"1557792000000","40.98"
"1557878400000","40.74"
"1557964800000","39.73"
"1558051200000","42.88"
"1558137600000","37.18"
"1558224000000","35.35"
"1558310400000","46.22"
"1558396800000","42.93"
"1558483200000","40.09"
"1558569600000","40.37"
"1558656000000","40.14"
"1558742400000","36.68"
"1558828800000","26.1"
"1558915200000","37.14"
"1559001600000","41.87"
"1559088000000","41.37"
"1559174400000","32.3"
"1559260800000","35.99"
"1559347200000","32.68"
"1559433600000","22.85"
"1559520000000","36.78"
"1559606400000","38.47"
"1559692800000","37.85"
"1559779200000","36.39"
"1559865600000","34.77"
"1559952000000","34.77"
"1560038400000","33.06"
"1560124800000","31.42"
"1560211200000","45.09"
"1560297600000","43.9"
"1560384000000","37.85"
"1560470400000","41.11"
"1560556800000","34.16"
"1560643200000","33.18"
"1560729600000","41.62"
"1560816000000","43.1"
"1560902400000","41.21"
"1560988800000","37.82"
"1561075200000","38.42"
"1561161600000","31.38"
"1561248000000","30.29"
"1561334400000","35.85"
"1561420800000","42.6"
"1561507200000","39.56"
"1561593600000","35.78"
"1561680000000","42.78"
"1561766400000","33.27"
"1561852800000","25.39"
"1561939200000","32.85"
"1562025600000","35.87"
"1562112000000","34.85"
"1562198400000","33.96"
"1562284800000","35.26"
"1562371200000","32.32"
"1562457600000","29.69"
"1562544000000","35.68"
"1562630400000","37.4"
"1562716800000","41.46"
"1562803200000","45.84"
"1562889600000","44.97"
"1562976000000","37.25"
"1563062400000","36.51"
"1563148800000","41.69"
"1563235200000","42.94"
"1563321600000","45.86"
"1563408000000","43.15"
"1563494400000","43.69"
"1563580800000","35.11"
"1563667200000","32.77"
"1563753600000","41.06"
"1563840000000","46.03"
"1563926400000","49.35"
"1564012800000","50.06"
"1564099200000","45.21"
"1564185600000","36.14"
"1564272000000","32.54"
"1564358400000","43.54"
"1564444800000","43.17"
"1564531200000","41.02"
"1564617600000","43.78"
"1564704000000","42.64"
"1564790400000","36.52"
"1564876800000","35.25"
"1564963200000","42.17"
"1565049600000","41.99"
"1565136000000","38.9"
"1565222400000","34.22"
"1565308800000","37.74"
"1565395200000","27.25"
"1565481600000","28.26"
"1565568000000","39.5"
"1565654400000","37.93"
"1565740800000","37.63"
"1565827200000","32.58"
"1565913600000","35.5"
"1566000000000","27.2"
"1566086400000","31.63"
"1566172800000","33.81"
"1566259200000","39.39"
"1566345600000","41.18"
"1566432000000","36.05"
"1566518400000","36.89"
"1566604800000","32.24"
"1566691200000","31.43"
"1566777600000","45.13"
"1566864000000","46.32"
"1566950400000","50.42"
"1567036800000","44.04"
"1567123200000","40.15"
"1567209600000","32.95"
"1567296000000","30.11"
"1567382400000","38.73"
"1567468800000","35.43"
"1567555200000","33.79"
"1567641600000","31.29"
"1567728000000","32.16"
"1567814400000","35.83"
"1567900800000","37.13"
"1567987200000","45.36"
"1568073600000","36.62"
"1568160000000","33.45"
"1568246400000","37.73"
"1568332800000","39.03"
"1568419200000","36.14"
"1568505600000","31.75"
"1568592000000","46.94"
"1568678400000","35.07"
"1568764800000","36.91"
"1568851200000","43.65"
"1568937600000","40.73"
"1569024000000","32.14"
"1569110400000","29.95"
"1569196800000","41.86"
"1569283200000","43.9"
"1569369600000","41.5"
"1569456000000","37.9"
"1569542400000","36.65"
"1569628800000","29.49"
"1569715200000","28.97"
"1569801600000","36.81"
"1569888000000","42.11"
"1569974400000","38.92"
"1570060800000","40.77"
"1570147200000","42.07"
"1570233600000","37.18"
"1570320000000","32.86"
"1570406400000","44.38"
"1570579200000","35.22"
"1570665600000","32.65"
"1570752000000","28.31"
"1570838400000","32.02"
"1570924800000","25.63"
"1571011200000","39.17"
"1571097600000","43.42"
"1571184000000","38.73"
"1571270400000","43.43"
"1571356800000","33.24"
"1571443200000","33.09"
"1571529600000","34.83"
"1571616000000","43.44"
"1571702400000","46.26"
"1571788800000","42.77"
"1571875200000","38.41"
"1571961600000","36.01"
"1572048000000","29.31"
"1572134400000","30.05"
"1572220800000","42.28"
"1572307200000","47.77"
"1572393600000","45.97"
"1572480000000","41.43"
"1572566400000","32.56"
"1572652800000","31.01"
"1572739200000","31.73"
"1572825600000","38.26"
"1572912000000","42.7"
"1572998400000","51.79"
"1573084800000","42.64"
"1573171200000","46.9"
"1573257600000","41.69"
"1573344000000","40.93"
"1573430400000","41.53"
"1573516800000","41.62"
"1573603200000","47.42"
"1573689600000","45.46"
"1573776000000","40.08"
"1573862400000","38.98"
"1573948800000","37.45"
"1574035200000","40.96"
"1574121600000","47.64"
"1574208000000","50.52"
"1574294400000","47.49"
"1574380800000","42.4"
"1574467200000","42.29"
"1574553600000","42.58"
"1574640000000","50.99"
"1574726400000","47.36"
"1574812800000","42.08"
"1574899200000","45.26"
"1574985600000","46.64"
"1575072000000","42.35"
"1575158400000","42.25"
"1575244800000","47.86"
"1575331200000","51.55"
"1575417600000","50.13"
"1575504000000","41.81"
"1575590400000","37.14"
"1575676800000","36.5"
"1575763200000","27.53"
"1575849600000","31.8"
"1575936000000","40.42"
"1576022400000","43.26"
"1576108800000","44.55"
"1576195200000","36.9"
"1576281600000","33.29"
"1576368000000","32.85"
"1576454400000","41.69"
"1576540800000","36.5"
"1576627200000","41.45"
"1576713600000","33.54"
"1576800000000","35.8"
"1576886400000","32.28"
"1576972800000","31.58"
"1577059200000","32.71"
"1577145600000","32.96"
"1577232000000","29.21"
"1577318400000","34.59"
"1577404800000","37.21"
"1577491200000","34.14"
"1577577600000","32.39"
"1577664000000","37.29"
"1577750400000","38.08"
"1577836800000","34.58"
"1577923200000","38.78"
"1578009600000","37.25"
"1578096000000","33.76"
"1578182400000","35.18"
"1578268800000","38.04"
"1578355200000","40.17"
"1578441600000","40.07"
"1578528000000","36.33"
"1578614400000","39.56"
"1578700800000","33.21"
"1578787200000","30.94"
"1578873600000","38.09"
"1578960000000","28.84"
"1579046400000","31.56"
"1579132800000","37.45"
"1579219200000","36.99"
"1579305600000","32.9"
"1579392000000","33.62"
"1579478400000","44.53"
"1579564800000","45.27"
"1579651200000","48.54"
"1579737600000","50.21"
"1579824000000","49"
"1579910400000","36.19"
"1579996800000","33.21"
"1580083200000","34.22"
"1580169600000","31.75"
"1580256000000","33.8"
"1580342400000","36.36"
"1580428800000","29.8"
"1580515200000","29.1"
"1580601600000","30.27"
"1580688000000","27.39"
"1580774400000","28.23"
"1580860800000","35.74"
"1580947200000","36.94"
"1581033600000","34.91"
"1581120000000","28.71"
"1581206400000","25.24"
"1581292800000","25.24"
"1581379200000","25.44"
"1581465600000","27.08"
"1581552000000","37.06"
"1581638400000","33.98"
"1581724800000","25.74"
"1581811200000","20.78"
"1581897600000","25.08"
"1581984000000","27"
"1582070400000","30.92"
"1582156800000","29.59"
"1582243200000","28.23"
"1582329600000","29.07"
"1582416000000","29.68"
"1582502400000","34.18"
"1582588800000","28.05"
"1582675200000","31.6"
"1582761600000","37.95"
"1582848000000","30.38"
"1582934400000","23.61"
"1583020800000","21.19"
"1583107200000","33.13"
"1583193600000","35.83"
"1583280000000","39.59"
"1583366400000","35.89"
"1583452800000","30.48"
"1583539200000","29.04"
"1583625600000","20.51"
"1583712000000","36.57"
"1583798400000","26.29"
"1583884800000","26.63"
"1583971200000","24.51"
"1584057600000","28.61"
"1584144000000","29.1"
"1584230400000","20.38"
"1584316800000","30.91"
"1584403200000","27.32"
"1584489600000","26.19"
"1584576000000","28.37"
"1584662400000","24.18"
"1584748800000","13.65"
"1584835200000","6.55"
"1584921600000","17.11"
"1585008000000","21.2"
"1585094400000","23.14"
"1585180800000","22.23"
"1585267200000","21.55"
"1585353600000","14.55"
"1585440000000","3.69"
"1585526400000","23.15"
"1585612800000","24.52"
"1585699200000","23.31"
"1585785600000","22.43"
"1585872000000","22.51"
"1585958400000","19.98"
"1586044800000","7.23"
"1586131200000","16.95"
"1586217600000","23.18"
"1586304000000","26"
"1586390400000","23.46"
"1586476800000","23.31"
"1586563200000","20.63"
"1586649600000","13.02"
"1586736000000","-5.45"
"1586822400000","23.41"
"1586995200000","22.93"
"1587081600000","23.68"
"1587168000000","20.84"
"1587254400000","12.24"
"1587340800000","12.13"
"1587427200000","10.63"
"1587513600000","13.56"
"1587600000000","25.66"
"1587686400000","20.86"
"1587772800000","19.01"
"1587859200000","18.47"
"1587945600000","23.37"
"1588032000000","24.16"
"1588118400000","22.37"
"1588204800000","18.94"
"1588291200000","14.14"
"1588377600000","12.47"
"1588464000000","14.6"
"1588550400000","22.86"
"1588636800000","20.34"
"1588723200000","21.01"
"1588809600000","19.97"
"1588896000000","22.13"
"1588982400000","20.94"
"1589068800000","12.68"
"1589155200000","13.58"
"1589241600000","22.22"
"1589328000000","21.7"
"1589414400000","21.78"
"1589500800000","20.8"
"1589587200000","18.15"
"1589673600000","13.04"
"1589760000000","18.68"
"1589846400000","22.39"
"1589932800000","23.61"
"1590019200000","19.29"
"1590105600000","17.03"
"1590192000000","5.15"
"1590278400000","4.77"
"1590364800000","19.17"
"1590451200000","24.81"
"1590537600000","22.05"
"1590624000000","19.51"
"1590796800000","12.49"
"1590883200000","5.23"
"1590969600000","10"
"1591056000000","25.27"
"1591142400000","28.06"
"1591228800000","25.82"
"1591315200000","23.14"
"1591401600000","7.41"
"1591488000000","17.92"
"1591574400000","30.92"
"1591660800000","35.99"
"1591747200000","31.2"
"1591833600000","24.06"
"1591920000000","20.72"
"1592006400000","19.91"
"1592092800000","22.11"
"1592179200000","31.05"
"1592265600000","33.98"
"1592352000000","36.94"
"1592438400000","31.8"
"1592524800000","29.85"
"1592611200000","24.08"
"1592697600000","19.48"
"1592784000000","29.08"
"1592870400000","32.55"
"1592956800000","35.39"
"1593043200000","33.49"
"1593129600000","34.79"
"1593216000000","26.83"
"1593302400000","16.83"
"1593388800000","24.8"
"1593475200000","23.3"
"1593561600000","32.2"
"1593648000000","36.93"
"1593734400000","33.91"
"1593820800000","21.15"
"1593907200000","2.39"
"1593993600000","18.85"
"1594080000000","30.32"
"1594166400000","41.17"
"1594252800000","40.74"
"1594339200000","35.58"
"1594425600000","28.05"
"1594512000000","24.69"
"1594598400000","33.83"
"1594684800000","36.27"
"1594771200000","38.94"
"1594857600000","43.64"
"1594944000000","37.47"
"1595030400000","27.82"
"1595116800000","27.5"
"1595203200000","31.65"
"1595289600000","28.28"
"1595376000000","31.91"
"1595462400000","30.19"
"1595548800000","28.4"
"1595635200000","24.27"
"1595721600000","13.52"
"1595808000000","29.77"
"1595894400000","18.89"
"1596067200000","30.76"
"1596153600000","32.25"
"1596240000000","24.61"
"1596326400000","25.91"
"1596412800000","36.69"
"1596499200000","32.95"
"1596585600000","27.43"
"1596672000000","31.36"
"1596758400000","34.43"
"1596844800000","31.57"
"1596931200000","28.11"
"1597017600000","35.54"
"1597104000000","33.22"
"1597190400000","32.61"
"1597276800000","35.49"
"1597363200000","35.41"
"1597449600000","31.86"
"1597536000000","28.58"
"1597622400000","40.33"
"1597708800000","41.57"
"1597795200000","37.66"
"1597881600000","38.07"
"1597968000000","30.68"
"1598054400000","23.41"
"1598140800000","20.9"
"1598227200000","44.7"
"1598313600000","37.67"
"1598400000000","24.81"
"1598486400000","47.21"
"1598572800000","39.54"
"1598659200000","35.27"
"1598745600000","33.1"
"1598832000000","54.04"
"1598918400000","49.95"
"1599004800000","49.82"
"1599091200000","40.99"
"1599177600000","38.32"
"1599264000000","33.34"
"1599350400000","34.76"
"1599436800000","42.08"
"1599523200000","41.47"
"1599609600000","39.08"
"1599696000000","47.24"
"1599782400000","45.64"
"1599868800000","33.57"
"1599955200000","25.48"
"1600041600000","52.49"
"1600128000000","68.99"
"1600214400000","49.96"
"1600300800000","44.91"
"1600387200000","40.37"
"1600473600000","34.64"
"1600560000000","36.26"
"1600646400000","57.62"
"1600732800000","48.03"
"1600819200000","34.65"
"1600905600000","34.9"
"1601164800000","30.79"
"1601251200000","47.26"
"1601337600000","58.32"
"1601424000000","49.41"
"1601510400000","40.42"
"1601596800000","34.91"
"1601683200000","34.08"
"1601769600000","26.58"
"1601856000000","32.07"
"1601942400000","34.76"
"1602028800000","37.83"
"1602115200000","38.99"
"1602201600000","41.25"
"1602288000000","36.32"
"1602374400000","33.58"
"1602460800000","43.8"
"1602547200000","38.91"
"1602633600000","36.99"
"1602720000000","38.05"
"1602806400000","44.46"
"1602892800000","39.71"
"1602979200000","42.06"
"1603065600000","43.4"
"1603152000000","37.85"
"1603238400000","39.84"
"1603324800000","36.69"
"1603497600000","36.19"
"1603584000000","25.69"
"1603670400000","37.12"
"1603756800000","37"
"1603843200000","37.24"
"1603929600000","35.6"
"1604016000000","33.58"
"1604102400000","33.29"
"1604275200000","32.75"
"1604361600000","34.17"
"1604448000000","39.22"
"1604534400000","39.36"
"1604620800000","40.52"
"1604707200000","37.79"
"1604793600000","36.63"
"1604880000000","44.88"
"1604966400000","48.05"
"1605052800000","44.28"
"1605139200000","40.24"
"1605225600000","41.16"
"1605312000000","36.62"
"1605398400000","27.61"
"1605657600000","38.94"
"1605830400000","42.76"
"1605916800000","35.67"
"1606003200000","39.62"
"1606089600000","44.54"
"1606176000000","40.58"
"1606262400000","46.53"
"1606348800000","57.72"
"1606435200000","65.42"
"1606521600000","46.31"
"1606608000000","45.11"
"1606694400000","51.34"
"1606780800000","53.38"
"1606867200000","73.7"
"1606953600000","47.28"
"1607040000000","42.14"
"1607126400000","48.76"
"1607212800000","46.09"
"1607299200000","60.29"
"1607385600000","70.24"
"1607472000000","74.2"
"1607558400000","66.62"
"1607644800000","43.14"
"1607731200000","45.27"
"1607817600000","42.56"
"1607904000000","40.43"
"1607990400000","47.7"
"1608076800000","44.47"
"1608163200000","46.2"
"1608249600000","42.92"
"1608336000000","40.29"
"1608422400000","40.42"
"1608508800000","44.28"
"1608595200000","39.31"
"1608681600000","44.43"
"1608768000000","38.31"
"1608854400000","36.59"
"1608940800000","38.03"
"1609027200000","40.84"
"1609113600000","46.24"
"1609200000000","49.1"
"1609286400000","50.71"
"1609372800000","52"
"1609459200000","48.4"
"1609545600000","50.56"
"1609632000000","49.77"
"1609718400000","49.72"
"1609804800000","50.39"
"1609891200000","50.59"
"1609977600000","63.84"
"1610064000000","72.77"
"1610150400000","57.99"
"1610236800000","49.96"
"1610323200000","45.58"
"1610409600000","51.07"
"1610496000000","57.62"
"1610582400000","74.49"
"1610668800000","72.78"
"1610755200000","53.66"
"1610841600000","51.1"
"1610928000000","52.2"
"1611014400000","46.06"
"1611100800000","44.96"
"1611187200000","44.3"
"1611273600000","52.57"
"1611360000000","51.89"
"1611446400000","49.62"
"1611532800000","58.1"
"1611619200000","58.4"
"1611705600000","54.05"
"1611792000000","53.76"
"1611878400000","49.45"
"1611964800000","48.73"
"1612051200000","48.26"
"1612137600000","57.45"
"1612224000000","51.28"
"1612310400000","45.49"
"1612396800000","52.29"
"1612483200000","51.58"
"1612569600000","44.26"
"1612656000000","37.87"
"1612742400000","44.32"
"1612828800000","63.47"
"1612915200000","71.84"
"1613001600000","79.13"
"1613088000000","57.34"
"1613174400000","50.63"
"1613260800000","44.57"
"1613347200000","50.19"
"1613433600000","50.82"
"1613520000000","49.67"
"1613606400000","46.42"
"1613692800000","47.74"
"1613779200000","34.81"
"1613865600000","32.92"
"1613952000000","49.11"
"1614038400000","45.38"
"1614124800000","38.29"
"1614211200000","46.13"
"1614297600000","47.47"
"1614384000000","45.51"
"1614470400000","42.53"
"1614556800000","49.1"
"1614643200000","52.92"
"1614729600000","51.06"
"1614816000000","53.82"
"1614902400000","47.9"
"1614988800000","45.2"
"1615075200000","46.62"
"1615161600000","61.52"
"1615248000000","60.47"
"1615334400000","49.12"
"1615420800000","34.76"
"1615507200000","48.75"
"1615593600000","23.01"
"1615680000000","35.7"
"1615766400000","52.1"
"1615852800000","55.93"
"1615939200000","56.53"
"1616025600000","64.22"
"1616112000000","53.69"
"1616198400000","51.2"
"1616284800000","44.4"
"1616371200000","60.05"
"1616457600000","57.81"
"1616544000000","54.17"
"1616630400000","56.09"
"1616716800000","49.73"
"1616803200000","24.41"
"1616889600000","24.66"
"1616976000000","39.43"
"1617062400000","53.9"
"1617148800000","55.9"
"1617235200000","51.04"
"1617321600000","45.36"
"1617408000000","38.88"
"1617494400000","29.77"
"1617580800000","10.19"
"1617667200000","41.36"
"1617753600000","51.58"
"1617840000000","55.81"
"1617926400000","55.55"
"1618012800000","57.88"
"1618099200000","48.97"
"1618185600000","58.16"
"1618272000000","54.15"
"1618358400000","66.57"
"1618444800000","61.18"
"1618531200000","59.19"
"1618617600000","60.06"
"1618704000000","61.38"
"1618790400000","70.72"
"1618876800000","72.8"
"1618963200000","56.2"
"1619049600000","55.88"
"1619136000000","61.63"
"1619222400000","52.63"
"1619308800000","37.49"
"1619395200000","59.63"
"1619481600000","56.74"
"1619568000000","58.46"
"1619654400000","58.27"
"1619740800000","67.22"
"1619827200000","57.2"
"1619913600000","47.31"
"1620000000000","63.14"
"1620086400000","32.92"
"1620172800000","43.77"
"1620259200000","69.55"
"1620345600000","70.2"
"1620432000000","54.86"
"1620518400000","7.24"
"1620604800000","58.29"
"1620691200000","72.17"
"1620777600000","68.67"
"1620864000000","62.74"
"1620950400000","71.89"
"1621036800000","61.98"
"1621123200000","40.66"
"1621209600000","73.49"
"1621296000000","74.18"
"1621382400000","76.01"
"1621468800000","67.68"
"1621555200000","30.49"
"1621641600000","28.94"
"1621728000000","32.51"
"1621814400000","41.59"
"1621900800000","59.77"
"1621987200000","67.04"
"1622073600000","71.77"
"1622160000000","71.6"
"1622246400000","57.07"
"1622332800000","37.87"
"1622419200000","67.59"
"1622505600000","68.25"
"1622592000000","67.33"
"1622678400000","70.01"
"1622764800000","71.8"
"1622851200000","66.31"
"1622937600000","62.66"
"1623024000000","77.36"
"1623110400000","76.9"
"1623196800000","76.69"
"1623283200000","78.77"
"1623369600000","78.1"
"1623456000000","60.13"
"1623542400000","48.93"
"1623628800000","75.35"
"1623715200000","82.57"
"1623801600000","87.62"
"1623888000000","77.82"
"1623974400000","80.46"
"1624060800000","74.16"
"1624147200000","60.31"
"1624233600000","77.63"
"1624320000000","84.44"
"1624406400000","91.68"
"1624492800000","92.99"
"1624579200000","89.12"
"1624665600000","80.42"
"1624752000000","63.83"
"1624838400000","88.67"
"1624924800000","91.43"
"1625011200000","92.04"
"1625097600000","88.93"
"1625184000000","96.02"
"1625270400000","83.9"
"1625356800000","83.21"
"1625443200000","93.83"
"1625529600000","77.66"
"1625616000000","95.8"
"1625702400000","96.04"
"1625788800000","88.43"
"1625875200000","81.17"
"1625961600000","77.74"
"1626048000000","93.46"
"1626134400000","94.92"
"1626220800000","84.93"
"1626307200000","86.05"
"1626393600000","84.67"
"1626480000000","65.86"
"1626566400000","47.9"
"1626652800000","92.27"
"1626739200000","91.64"
"1626825600000","89.13"
"1626912000000","87.53"
"1626998400000","88.69"
"1627084800000","79.47"
"1627171200000","63.54"
"1627257600000","91.16"
"1627344000000","87.09"
"1627430400000","79.73"
"1627516800000","45.48"
"1627603200000","95.49"
"1627689600000","48.4"
"1627776000000","81.77"
"1627862400000","87.42"
"1627948800000","96.35"
"1628035200000","98.67"
"1628121600000","94.42"
"1628208000000","69.06"
"1628294400000","60.74"
"1628380800000","8.54"
"1628467200000","68.59"
"1628553600000","90.73"
"1628640000000","100.72"
"1628726400000","106.56"
"1628812800000","94.9"
"1628899200000","74.41"
"1628985600000","62.16"
"1629072000000","73.15"
"1629158400000","90.4"
"1629244800000","86.48"
"1629331200000","105.39"
"1629417600000","102.18"
"1629504000000","91.46"
"1629590400000","79.35"
"1629676800000","93.88"
"1629763200000","95.34"
"1629849600000","97.63"
"1629936000000","93.84"
"1630022400000","96.17"
"1630108800000","83.81"
"1630195200000","80.65"
"1630281600000","109.54"
"1630368000000","110.89"
"1630454400000","115.47"
"1630540800000","124.07"
"1630627200000","112.31"
"1630713600000","107.19"
"1630800000000","100.63"
"1630886400000","129.3"
"1630972800000","128.84"
"1631059200000","125.45"
"1631145600000","131.07"
"1631232000000","138.56"
"1631318400000","129.25"
"1631404800000","125.85"
"1631491200000","142.22"
"1631577600000","145.23"
"1631664000000","168.28"
"1631750400000","160.44"
"1631836800000","161.84"
"1631923200000","140.37"
"1632009600000","106.03"
"1632268800000","158.19"
"1632355200000","131.17"
"1632441600000","157.08"
"1632528000000","154.14"
"1632614400000","125.72"
"1632700800000","141.38"
"1632787200000","153.44"
"1632873600000","135.36"
"1632960000000","133.8"
"1633046400000","116.53"
"1633132800000","109.33"
"1633219200000","111.59"
"1633305600000","145.32"
"1633392000000","159.72"
"1633478400000","184.11"
"1633564800000","302.54"
"1633651200000","203.95"
"1633737600000","165.87"
"1633824000000","147.02"
"1633910400000","179.48"
"1633996800000","183.69"
"1634083200000","191.2"
"1634169600000","189"
"1634256000000","190.92"
"1634342400000","197.99"
"1634428800000","168.09"
"1634515200000","191.64"
"1634601600000","161.34"
"1634688000000","93.03"
"1634774400000","151.95"
"1634860800000","150.99"
"1634947200000","200.81"
"1635033600000","128.88"
"1635120000000","175.12"
"1635206400000","188.94"
"1635292800000","156.69"
"1635379200000","172.27"
"1635465600000","142.35"
"1635552000000","143.18"
"1635638400000","74.11"
"1635724800000","97.54"
"1635811200000","204.09"
"1635897600000","179.89"
"1635984000000","173.12"
"1636070400000","169.29"
"1636156800000","150.1"
"1636243200000","102.44"
"1636329600000","204.39"
"1636416000000","166.65"
"1636502400000","176.47"
"1636588800000","182.38"
"1636675200000","161.92"
"1636761600000","153.88"
"1636848000000","173.53"
"1636934400000","227.82"
"1637020800000","224.54"
"1637107200000","197.46"
"1637193600000","209.23"
"1637280000000","199.85"
"1637366400000","185.97"
"1637452800000","146.76"
"1637539200000","194.08"
"1637625600000","219.93"
"1637712000000","254.01"
"1637798400000","196.35"
"1637884800000","197.85"
"1637971200000","207.17"
"1638057600000","198.27"
"1638144000000","256.27"
"1638230400000","176.13"
"1638316800000","190.58"
"1638403200000","206.43"
"1638489600000","195.3"
"1638576000000","200.16"
"1638662400000","180.83"
"1638748800000","247.26"
"1638835200000","183.01"
"1638921600000","185.21"
"1639008000000","275.42"
"1639094400000","237.16"
"1639180800000","224.74"
"1639267200000","190.95"
"1639353600000","241.87"
"1639440000000","280.35"
"1639526400000","275.73"
"1639612800000","333.22"
"1639699200000","337.27"
"1639785600000","292.52"
"1639872000000","289.66"
"1639958400000","360.78"
"1640044800000","429.84"
"1640131200000","396.38"
"1640217600000","333.06"
"1640304000000","285.72"
"1640390400000","195.45"
"1640476800000","185.51"
"1640563200000","170.96"
"1640649600000","111.26"
"1640736000000","155.6"
"1640822400000","101.32"
"1640908800000","78.63"
"1640995200000","93.51"
"1641081600000","58.81"
"1641168000000","98.38"
"1641254400000","162.67"
"1641340800000","185.32"
"1641427200000","222.1"
"1641513600000","204.28"
"1641600000000","184.68"
"1641686400000","153.74"
"1641772800000","259.11"
