{
    "name": "topology-experiment",
    "topologies": [
        {
            "pathToFile": "topologies/topology-cubic.json"
        },
        {
            "pathToFile": "topologies/topology-linear.json"
        },
        {
            "pathToFile": "topologies/topology-square.json"
        },
        {
            "pathToFile": "topologies/topology-cubic.json"
        }
    ],
    "workloads": [
        {
            "pathToFile": "traces/bitbrains-small",
            "type": "ComputeWorkload"
        }
    ],
    "carbonTracePaths": [
        "traces/carbon_intensity.parquet"
    ],
    "allocationPolicies": [
        {
            "policyType": "Mem"
        }
    ],
    "outputFolder": "4-models-sim",

    "runs": 1
}
